column,count,n_missing,mean,std,min,p5,p25,median,p75,p95,max,skew,kurt,n_nonpos
slewrate_pos,1015.0,0.0,37126341.034631364,20180264.70088298,441507.4343340052,9722896.058689836,20234677.734738894,35965649.42321554,51807185.10470696,72500528.36380671,109041361.77673872,0.4659003357181523,-0.32362707468249274,0.0
dc_gain,1015.0,0.0,2192.6754624622768,6637.348288986772,1.436691090216235,11.18645323289263,53.24777981281684,129.64351510358077,378.76895631226193,20204.650880447676,41554.194009272185,3.7615853386755718,14.06431718167687,0.0
ugf,1015.0,0.0,23337094.32575998,20976951.652950402,64449.72741812434,1009202.675691711,4869027.600891385,18211226.969809342,37289385.1001528,62154857.58529363,123495303.7547148,1.0217397558146684,0.724159174794663,0.0
phase_margin,1015.0,0.0,76.78204917264053,34.468834019252945,0.0607028846392267,15.394860250700322,49.37565493121217,81.28328837339335,104.32679140707143,126.27026773771625,149.9184860825867,-0.2963813215165399,-0.8839883146375112,0.0
cmrr,1015.0,0.0,103578.55289476587,652791.7801937832,1.0680132642691442,908.1908386436538,7673.805970505555,22730.896648354366,46354.481778286485,246922.2825815258,13243454.048759772,16.201930773477997,292.1051607660414,0.0
