column,in_source,in_target,source_n,source_n_nonpos,source_skew,target_n,target_n_nonpos,target_skew
slewrate_pos,True,True,10000,77,1.9576389280538373,1015,0,0.4659003357181523
dc_gain,True,True,10000,0,3.019972855311159,1015,0,3.7615853386755718
ugf,True,True,10000,0,3.0354385172573433,1015,0,1.0217397558146684
cmrr,True,True,10000,0,43.90690524805647,1015,0,16.201930773477997
