column,mean_src,mean_tgt,mean_diff_ratio,std_src,std_tgt,std_ratio,coverage_in_src,KS_stat,KS_pvalue,WD,WD_over_std_src
dc_gain,224.71036800876428,2192.6754624622768,8.757785018521071,540.6916598172426,6637.348288986772,12.275662419557646,0.9103448275862069,0.48204039408866994,1.7126211006523594e-196,1967.9650944535126,3.6397178664059626
cmrr,12155.562854851287,103578.55289476587,7.52108241564706,145957.60647356408,652791.7801937832,4.472475234183956,0.9970443349753695,0.6104773399014778,6.344e-321,91422.99015463851,0.626366740065699
ugf,8259952741.940828,23337094.32575998,-0.9971746697523748,27510891373.961674,20976951.652950402,0.0007624962553123425,1.0,0.2523862068965517,3.6938194704227975e-52,8252552639.7943735,0.2999740185665229
slewrate_pos,18762481.13628228,37126341.034631364,0.9787543430403586,12307919.728199894,20180264.70088298,1.639616210255741,1.0,0.44429655172413796,1.404253883939759e-165,18394511.617973857,1.4945264532257527
phase_margin,52.04607755927929,76.78204917264053,0.4752706212142026,75.3152001396875,34.468834019252945,0.45766105587349454,1.0,0.1464768472906404,1.024852750424568e-17,26.037397492203052,0.34571238533405413
