{
    "opamp": "5t_opamp",
    "best_finetune_val_nll": -2.340973973274231,
    "evaluation_metrics": {
        "avg_mse": 14779667456.0,
        "avg_mae": 42822.9375,
        "avg_r2": 0.9688354730606079,
        "per_dim_metrics": {
            "slewrate_pos": {
                "mse": 15880368128.0,
                "mae": 69188.3359375,
                "r2": 0.9959914088249207
            },
            "dc_gain": {
                "mse": 42.16800308227539,
                "mae": 3.417781352996826,
                "r2": 0.9751753211021423
            },
            "ugf": {
                "mse": 58017828864.0,
                "mae": 144834.0,
                "r2": 0.9960395097732544
            },
            "phase_margin": {
                "mse": 0.08886612206697464,
                "mae": 0.20814655721187592,
                "r2": 0.99119633436203
            },
            "cmrr": {
                "mse": 136812.84375,
                "mae": 88.74058532714844,
                "r2": 0.8857747912406921
            }
        }
    }
}
